ID,createdAt,createdBy,modifiedAt,modifiedBy,validFrom,validTo,name,email,phone,gender
c0000000-0000-0000-0000-000000000001,2026-01-10T09:00:00.000Z,admin,2026-01-10T09:00:00.000Z,admin,2026-01-10T09:00:00.000Z,9999-12-31T23:59:59.999Z,Aarav Sharma,aarav.sharma@example.com,+919876543201,M
c0000000-0000-0000-0000-000000000002,2026-01-11T10:15:00.000Z,admin,2026-01-11T10:15:00.000Z,admin,2026-01-11T10:15:00.000Z,9999-12-31T23:59:59.999Z,Priya Patel,priya.p@example.com,+919876543202,F
c0000000-0000-0000-0000-000000000003,2026-01-12T11:30:00.000Z,admin,2026-01-12T11:30:00.000Z,admin,2026-01-12T11:30:00.000Z,9999-12-31T23:59:59.999Z,Rahul Verma,rahul.v@example.com,+919876543203,M
c0000000-0000-0000-0000-000000000004,2026-01-13T14:45:00.000Z,admin,2026-01-13T14:45:00.000Z,admin,2026-01-13T14:45:00.000Z,9999-12-31T23:59:59.999Z,Neha Gupta,neha.g@example.com,+919876543204,F
c0000000-0000-0000-0000-000000000005,2026-01-14T09:20:00.000Z,admin,2026-01-14T09:20:00.000Z,admin,2026-01-14T09:20:00.000Z,9999-12-31T23:59:59.999Z,Vikram Singh,vikram.s@example.com,+919876543205,M
c0000000-0000-0000-0000-000000000006,2026-01-15T16:10:00.000Z,admin,2026-01-15T16:10:00.000Z,admin,2026-01-15T16:10:00.000Z,9999-12-31T23:59:59.999Z,Ananya Desai,ananya.d@example.com,+919876543206,F
c0000000-0000-0000-0000-000000000007,2026-01-16T08:05:00.000Z,admin,2026-01-16T08:05:00.000Z,admin,2026-01-16T08:05:00.000Z,9999-12-31T23:59:59.999Z,Rohan Joshi,rohan.j@example.com,+919876543207,M
c0000000-0000-0000-0000-000000000008,2026-01-17T11:55:00.000Z,admin,2026-01-17T11:55:00.000Z,admin,2026-01-17T11:55:00.000Z,9999-12-31T23:59:59.999Z,Kavya Reddy,kavya.r@example.com,+919876543208,F
c0000000-0000-0000-0000-000000000009,2026-01-18T13:40:00.000Z,admin,2026-01-18T13:40:00.000Z,admin,2026-01-18T13:40:00.000Z,9999-12-31T23:59:59.999Z,Aditya Kumar,aditya.k@example.com,+919876543209,M
c0000000-0000-0000-0000-000000000010,2026-01-19T15:25:00.000Z,admin,2026-01-19T15:25:00.000Z,admin,2026-01-19T15:25:00.000Z,9999-12-31T23:59:59.999Z,Sneha Iyer,sneha.i@example.com,+919876543210,F
c0000000-0000-0000-0000-000000000011,2026-01-20T10:50:00.000Z,admin,2026-01-20T10:50:00.000Z,admin,2026-01-20T10:50:00.000Z,9999-12-31T23:59:59.999Z,Karan Malhotra,karan.m@example.com,+919876543211,M
c0000000-0000-0000-0000-000000000012,2026-01-21T09:35:00.000Z,admin,2026-01-21T09:35:00.000Z,admin,2026-01-21T09:35:00.000Z,9999-12-31T23:59:59.999Z,Meera Nair,meera.n@example.com,+919876543212,F
c0000000-0000-0000-0000-000000000013,2026-01-22T14:15:00.000Z,admin,2026-01-22T14:15:00.000Z,admin,2026-01-22T14:15:00.000Z,9999-12-31T23:59:59.999Z,Arjun Kapoor,arjun.k@example.com,+919876543213,M
c0000000-0000-0000-0000-000000000014,2026-01-23T11:05:00.000Z,admin,2026-01-23T11:05:00.000Z,admin,2026-01-23T11:05:00.000Z,9999-12-31T23:59:59.999Z,Pooja Bhatia,pooja.b@example.com,+919876543214,F
c0000000-0000-0000-0000-000000000015,2026-01-24T16:45:00.000Z,admin,2026-01-24T16:45:00.000Z,admin,2026-01-24T16:45:00.000Z,9999-12-31T23:59:59.999Z,Siddharth Das,siddharth.d@example.com,+919876543215,M
c0000000-0000-0000-0000-000000000016,2026-01-25T08:55:00.000Z,admin,2026-01-25T08:55:00.000Z,admin,2026-01-25T08:55:00.000Z,9999-12-31T23:59:59.999Z,Riya Sen,riya.s@example.com,+919876543216,F
c0000000-0000-0000-0000-000000000017,2026-01-26T13:20:00.000Z,admin,2026-01-26T13:20:00.000Z,admin,2026-01-26T13:20:00.000Z,9999-12-31T23:59:59.999Z,Manish Tiwari,manish.t@example.com,+919876543217,M
c0000000-0000-0000-0000-000000000018,2026-01-27T15:10:00.000Z,admin,2026-01-27T15:10:00.000Z,admin,2026-01-27T15:10:00.000Z,9999-12-31T23:59:59.999Z,Divya Menon,divya.m@example.com,+919876543218,F
c0000000-0000-0000-0000-000000000019,2026-01-28T10:40:00.000Z,admin,2026-01-28T10:40:00.000Z,admin,2026-01-28T10:40:00.000Z,9999-12-31T23:59:59.999Z,Amit Agarwal,amit.a@example.com,+919876543219,M
c0000000-0000-0000-0000-000000000020,2026-01-29T09:15:00.000Z,admin,2026-01-29T09:15:00.000Z,admin,2026-01-29T09:15:00.000Z,9999-12-31T23:59:59.999Z,Shruti Hassan,shruti.h@example.com,+919876543220,F
c0000000-0000-0000-0000-000000000021,2026-01-30T14:50:00.000Z,admin,2026-01-30T14:50:00.000Z,admin,2026-01-30T14:50:00.000Z,9999-12-31T23:59:59.999Z,Rajesh Pillai,rajesh.p@example.com,+919876543221,M
c0000000-0000-0000-0000-000000000022,2026-01-31T11:25:00.000Z,admin,2026-01-31T11:25:00.000Z,admin,2026-01-31T11:25:00.000Z,9999-12-31T23:59:59.999Z,Swati Mishra,swati.m@example.com,+919876543222,F
c0000000-0000-0000-0000-000000000023,2026-02-01T16:05:00.000Z,admin,2026-02-01T16:05:00.000Z,admin,2026-02-01T16:05:00.000Z,9999-12-31T23:59:59.999Z,Naveen Kumar,naveen.k@example.com,+919876543223,M
c0000000-0000-0000-0000-000000000024,2026-02-02T08:35:00.000Z,admin,2026-02-02T08:35:00.000Z,admin,2026-02-02T08:35:00.000Z,9999-12-31T23:59:59.999Z,Isha Chawla,isha.c@example.com,+919876543224,F
c0000000-0000-0000-0000-000000000025,2026-02-03T13:55:00.000Z,admin,2026-02-03T13:55:00.000Z,admin,2026-02-03T13:55:00.000Z,9999-12-31T23:59:59.999Z,Gaurav Sharma,gaurav.s@example.com,+919876543225,M
c0000000-0000-0000-0000-000000000026,2026-02-04T15:30:00.000Z,admin,2026-02-04T15:30:00.000Z,admin,2026-02-04T15:30:00.000Z,9999-12-31T23:59:59.999Z,Tanvi Jain,tanvi.j@example.com,+919876543226,F
c0000000-0000-0000-0000-000000000027,2026-02-05T10:10:00.000Z,admin,2026-02-05T10:10:00.000Z,admin,2026-02-05T10:10:00.000Z,9999-12-31T23:59:59.999Z,Deepak Choudhary,deepak.c@example.com,+919876543227,M
c0000000-0000-0000-0000-000000000028,2026-02-06T09:45:00.000Z,admin,2026-02-06T09:45:00.000Z,admin,2026-02-06T09:45:00.000Z,9999-12-31T23:59:59.999Z,Simran Kaur,simran.k@example.com,+919876543228,F
c0000000-0000-0000-0000-000000000029,2026-02-07T14:20:00.000Z,admin,2026-02-07T14:20:00.000Z,admin,2026-02-07T14:20:00.000Z,9999-12-31T23:59:59.999Z,Ashish Pandey,ashish.p@example.com,+919876543229,M
c0000000-0000-0000-0000-000000000030,2026-02-08T11:40:00.000Z,admin,2026-02-08T11:40:00.000Z,admin,2026-02-08T11:40:00.000Z,9999-12-31T23:59:59.999Z,Kriti Sanon,kriti.s@example.com,+919876543230,F
c0000000-0000-0000-0000-000000000031,2026-02-09T16:25:00.000Z,admin,2026-02-09T16:25:00.000Z,admin,2026-02-09T16:25:00.000Z,9999-12-31T23:59:59.999Z,Nitin Yadav,nitin.y@example.com,+919876543231,M
c0000000-0000-0000-0000-000000000032,2026-02-10T08:15:00.000Z,admin,2026-02-10T08:15:00.000Z,admin,2026-02-10T08:15:00.000Z,9999-12-31T23:59:59.999Z,Payal Rajput,payal.r@example.com,+919876543232,F
c0000000-0000-0000-0000-000000000033,2026-02-11T13:05:00.000Z,admin,2026-02-11T13:05:00.000Z,admin,2026-02-11T13:05:00.000Z,9999-12-31T23:59:59.999Z,Vishal Bhardwaj,vishal.b@example.com,+919876543233,M
c0000000-0000-0000-0000-000000000034,2026-02-12T15:50:00.000Z,admin,2026-02-12T15:50:00.000Z,admin,2026-02-12T15:50:00.000Z,9999-12-31T23:59:59.999Z,Nikita Dutta,nikita.d@example.com,+919876543234,F
c0000000-0000-0000-0000-000000000035,2026-02-13T10:30:00.000Z,admin,2026-02-13T10:30:00.000Z,admin,2026-02-13T10:30:00.000Z,9999-12-31T23:59:59.999Z,Sanjay Dutt,sanjay.d@example.com,+919876543235,M
c0000000-0000-0000-0000-000000000036,2026-02-14T09:05:00.000Z,admin,2026-02-14T09:05:00.000Z,admin,2026-02-14T09:05:00.000Z,9999-12-31T23:59:59.999Z,Rashi Khanna,rashi.k@example.com,+919876543236,F
c0000000-0000-0000-0000-000000000037,2026-02-15T14:35:00.000Z,admin,2026-02-15T14:35:00.000Z,admin,2026-02-15T14:35:00.000Z,9999-12-31T23:59:59.999Z,Prateek Babbar,prateek.b@example.com,+919876543237,M
c0000000-0000-0000-0000-000000000038,2026-02-16T11:15:00.000Z,admin,2026-02-16T11:15:00.000Z,admin,2026-02-16T11:15:00.000Z,9999-12-31T23:59:59.999Z,Sonal Chauhan,sonal.c@example.com,+919876543238,F
c0000000-0000-0000-0000-000000000039,2026-02-17T16:55:00.000Z,admin,2026-02-17T16:55:00.000Z,admin,2026-02-17T16:55:00.000Z,9999-12-31T23:59:59.999Z,Tarun Tahiliani,tarun.t@example.com,+919876543239,M
c0000000-0000-0000-0000-000000000040,2026-02-18T08:45:00.000Z,admin,2026-02-18T08:45:00.000Z,admin,2026-02-18T08:45:00.000Z,9999-12-31T23:59:59.999Z,Yami Gautam,yami.g@example.com,+919876543240,F
c0000000-0000-0000-0000-000000000041,2026-02-19T13:10:00.000Z,admin,2026-02-19T13:10:00.000Z,admin,2026-02-19T13:10:00.000Z,9999-12-31T23:59:59.999Z,Harshvardhan Rane,harsh.r@example.com,+919876543241,M
c0000000-0000-0000-0000-000000000042,2026-02-20T15:40:00.000Z,admin,2026-02-20T15:40:00.000Z,admin,2026-02-20T15:40:00.000Z,9999-12-31T23:59:59.999Z,Esha Gupta,esha.g@example.com,+919876543242,F
c0000000-0000-0000-0000-000000000043,2026-02-21T10:20:00.000Z,admin,2026-02-21T10:20:00.000Z,admin,2026-02-21T10:20:00.000Z,9999-12-31T23:59:59.999Z,Manoj Bajpayee,manoj.b@example.com,+919876543243,M
c0000000-0000-0000-0000-000000000044,2026-02-22T09:25:00.000Z,admin,2026-02-22T09:25:00.000Z,admin,2026-02-22T09:25:00.000Z,9999-12-31T23:59:59.999Z,Richa Chadha,richa.c@example.com,+919876543244,F
c0000000-0000-0000-0000-000000000045,2026-02-23T14:05:00.000Z,admin,2026-02-23T14:05:00.000Z,admin,2026-02-23T14:05:00.000Z,9999-12-31T23:59:59.999Z,Pankaj Tripathi,pankaj.t@example.com,+919876543245,M
c0000000-0000-0000-0000-000000000046,2026-02-24T11:50:00.000Z,admin,2026-02-24T11:50:00.000Z,admin,2026-02-24T11:50:00.000Z,9999-12-31T23:59:59.999Z,Radhika Apte,radhika.a@example.com,+919876543246,F
c0000000-0000-0000-0000-000000000047,2026-02-25T16:35:00.000Z,admin,2026-02-25T16:35:00.000Z,admin,2026-02-25T16:35:00.000Z,9999-12-31T23:59:59.999Z,Nawazuddin Siddiqui,nawaz.s@example.com,+919876543247,M
c0000000-0000-0000-0000-000000000048,2026-02-26T08:25:00.000Z,admin,2026-02-26T08:25:00.000Z,admin,2026-02-26T08:25:00.000Z,9999-12-31T23:59:59.999Z,Huma Qureshi,huma.q@example.com,+919876543248,F
c0000000-0000-0000-0000-000000000049,2026-02-27T13:45:00.000Z,admin,2026-02-27T13:45:00.000Z,admin,2026-02-27T13:45:00.000Z,9999-12-31T23:59:59.999Z,Vicky Kaushal,vicky.k@example.com,+919876543249,M
c0000000-0000-0000-0000-000000000050,2026-02-28T15:20:00.000Z,admin,2026-02-28T15:20:00.000Z,admin,2026-02-28T15:20:00.000Z,9999-12-31T23:59:59.999Z,Bhumi Pednekar,bhumi.p@example.com,+919876543250,F